数学 B,mathB,1,数列,suretsu,1,数列基礎,suretsukiso,1,基礎1
数学 B,mathB,1,数列,suretsu,1,数列基礎,suretsukiso,2,基礎2
数学 B,mathB,1,数列,suretsu,1,数列基礎,suretsukiso,3,基礎3
数学 B,mathB,1,数列,suretsu,1,数列基礎,suretsukiso,4,基礎4
数学 B,mathB,1,数列,suretsu,1,数列基礎,suretsukiso,5,基礎5
数学 B,mathB,1,数列,suretsu,1,数列基礎,suretsukiso,6,基礎6
数学 B,mathB,1,数列,suretsu,1,数列基礎,suretsukiso,7,基礎7
数学 B,mathB,1,数列,suretsu,1,数列基礎,suretsukiso,8,基礎7 (続)
数学 B,mathB,1,数列,suretsu,1,数列基礎,suretsukiso,9,基礎8
数学 B,mathB,1,数列,suretsu,1,数列基礎,suretsukiso,10,基礎9
数学 B,mathB,1,数列,suretsu,1,数列基礎,suretsukiso,11,基礎10
数学 B,mathB,1,数列,suretsu,1,数列基礎,suretsukiso,12,基礎11
数学 B,mathB,1,数列,suretsu,1,数列基礎,suretsukiso,13,基礎12
数学 B,mathB,1,数列,suretsu,1,数列基礎,suretsukiso,14,基礎13
数学 B,mathB,1,数列,suretsu,2,数列シグマ,suretsushiguma,1,基礎1
数学 B,mathB,1,数列,suretsu,2,数列シグマ,suretsushiguma,2,基礎2
数学 B,mathB,1,数列,suretsu,2,数列シグマ,suretsushiguma,3,基礎3
数学 B,mathB,1,数列,suretsu,2,数列シグマ,suretsushiguma,4,基礎4
数学 B,mathB,1,数列,suretsu,2,数列シグマ,suretsushiguma,5,基礎5
数学 B,mathB,1,数列,suretsu,2,数列シグマ,suretsushiguma,6,基礎6
数学 B,mathB,1,数列,suretsu,2,数列シグマ,suretsushiguma,7,基礎6 (続)
数学 B,mathB,1,数列,suretsu,2,数列シグマ,suretsushiguma,8,基礎7
数学 B,mathB,1,数列,suretsu,2,数列シグマ,suretsushiguma,9,基礎7 (続)
数学 B,mathB,1,数列,suretsu,2,数列シグマ,suretsushiguma,10,基礎8
数学 B,mathB,1,数列,suretsu,2,数列シグマ,suretsushiguma,11,基礎9
数学 B,mathB,1,数列,suretsu,2,数列シグマ,suretsushiguma,12,基礎10
数学 B,mathB,1,数列,suretsu,2,数列シグマ,suretsushiguma,13,基礎11
数学 B,mathB,1,数列,suretsu,2,数列シグマ,suretsushiguma,14,基礎12
数学 B,mathB,1,数列,suretsu,2,数列シグマ,suretsushiguma,15,基礎13
数学 B,mathB,1,数列,suretsu,2,数列シグマ,suretsushiguma,16,基礎14
数学 B,mathB,1,数列,suretsu,2,数列シグマ,suretsushiguma,17,基礎14 (続)
数学 B,mathB,1,数列,suretsu,2,数列シグマ,suretsushiguma,18,基礎15
数学 B,mathB,1,数列,suretsu,2,数列シグマ,suretsushiguma,19,基礎16
数学 B,mathB,1,数列,suretsu,2,数列シグマ,suretsushiguma,20,基礎17
数学 B,mathB,1,数列,suretsu,2,数列シグマ,suretsushiguma,21,基礎18
数学 B,mathB,1,数列,suretsu,3,階差数列,kaisasuretsu,1,基礎1
数学 B,mathB,1,数列,suretsu,3,階差数列,kaisasuretsu,2,基礎2
数学 B,mathB,1,数列,suretsu,3,階差数列,kaisasuretsu,3,基礎3
数学 B,mathB,1,数列,suretsu,3,階差数列,kaisasuretsu,4,基礎4
数学 B,mathB,1,数列,suretsu,3,階差数列,kaisasuretsu,5,基礎5
数学 B,mathB,1,数列,suretsu,4,群数列,gunsuretsu,1,基礎1
数学 B,mathB,1,数列,suretsu,4,群数列,gunsuretsu,2,基礎1 (続)
数学 B,mathB,1,数列,suretsu,4,群数列,gunsuretsu,3,基礎2
数学 B,mathB,1,数列,suretsu,4,群数列,gunsuretsu,4,基礎2 (続)
数学 B,mathB,1,数列,suretsu,4,群数列,gunsuretsu,5,基礎3
数学 B,mathB,1,数列,suretsu,4,群数列,gunsuretsu,6,基礎3 (続)
数学 B,mathB,1,数列,suretsu,5,漸化式,zenkashiki,1,基礎1
数学 B,mathB,1,数列,suretsu,5,漸化式,zenkashiki,2,基礎2
数学 B,mathB,1,数列,suretsu,5,漸化式,zenkashiki,3,基礎3
数学 B,mathB,1,数列,suretsu,5,漸化式,zenkashiki,4,基礎4
数学 B,mathB,1,数列,suretsu,5,漸化式,zenkashiki,5,基礎5
数学 B,mathB,1,数列,suretsu,5,漸化式,zenkashiki,6,基礎6
数学 B,mathB,1,数列,suretsu,5,漸化式,zenkashiki,7,基礎7
数学 B,mathB,1,数列,suretsu,5,漸化式,zenkashiki,8,基礎7 (続)
数学 B,mathB,1,数列,suretsu,5,漸化式,zenkashiki,9,基礎8
数学 B,mathB,1,数列,suretsu,5,漸化式,zenkashiki,10,基礎9
数学 B,mathB,1,数列,suretsu,5,漸化式,zenkashiki,11,基礎10
数学 B,mathB,1,数列,suretsu,5,漸化式,zenkashiki,12,基礎11
数学 B,mathB,1,数列,suretsu,5,漸化式,zenkashiki,13,基礎12
数学 B,mathB,1,数列,suretsu,5,漸化式,zenkashiki,14,基礎13
数学 B,mathB,1,数列,suretsu,5,漸化式,zenkashiki,15,基礎14
数学 B,mathB,1,数列,suretsu,5,漸化式,zenkashiki,16,基礎15
数学 B,mathB,1,数列,suretsu,5,漸化式,zenkashiki,17,基礎16
数学 B,mathB,1,数列,suretsu,5,漸化式,zenkashiki,18,基礎17
数学 B,mathB,1,数列,suretsu,5,漸化式,zenkashiki,19,基礎18
数学 B,mathB,1,数列,suretsu,5,漸化式,zenkashiki,20,基礎19
数学 B,mathB,1,数列,suretsu,5,漸化式,zenkashiki,21,基礎20
数学 B,mathB,1,数列,suretsu,5,漸化式,zenkashiki,22,基礎21
数学 B,mathB,1,数列,suretsu,5,漸化式,zenkashiki,23,基礎21 (続)
数学 B,mathB,1,数列,suretsu,5,漸化式,zenkashiki,24,基礎22
数学 B,mathB,1,数列,suretsu,5,漸化式,zenkashiki,25,基礎22 (続)
数学 B,mathB,1,数列,suretsu,6,3項間漸化式,sankokanzenkashiki,1,基礎1
数学 B,mathB,1,数列,suretsu,6,3項間漸化式,sankokanzenkashiki,2,基礎2
数学 B,mathB,1,数列,suretsu,6,3項間漸化式,sankokanzenkashiki,3,基礎3
数学 B,mathB,1,数列,suretsu,6,3項間漸化式,sankokanzenkashiki,4,基礎4
数学 B,mathB,1,数列,suretsu,7,数学的帰納法,sugakutekikinoho,1,基礎1
数学 B,mathB,1,数列,suretsu,7,数学的帰納法,sugakutekikinoho,2,基礎2
数学 B,mathB,1,数列,suretsu,7,数学的帰納法,sugakutekikinoho,3,基礎3
数学 B,mathB,1,数列,suretsu,7,数学的帰納法,sugakutekikinoho,4,基礎4
数学 B,mathB,1,数列,suretsu,7,数学的帰納法,sugakutekikinoho,5,基礎5
数学 B,mathB,1,数列,suretsu,7,数学的帰納法,sugakutekikinoho,6,基礎6
数学 B,mathB,2,ベクトル,bekutoru,1,平面ベクトル,heimenbekutoru,1,基礎1
数学 B,mathB,2,ベクトル,bekutoru,1,平面ベクトル,heimenbekutoru,2,基礎2
数学 B,mathB,2,ベクトル,bekutoru,1,平面ベクトル,heimenbekutoru,3,基礎3
数学 B,mathB,2,ベクトル,bekutoru,1,平面ベクトル,heimenbekutoru,4,基礎4
数学 B,mathB,2,ベクトル,bekutoru,1,平面ベクトル,heimenbekutoru,5,基礎5
数学 B,mathB,2,ベクトル,bekutoru,1,平面ベクトル,heimenbekutoru,6,基礎6
数学 B,mathB,2,ベクトル,bekutoru,1,平面ベクトル,heimenbekutoru,7,基礎7
数学 B,mathB,2,ベクトル,bekutoru,1,平面ベクトル,heimenbekutoru,8,基礎8
数学 B,mathB,2,ベクトル,bekutoru,1,平面ベクトル,heimenbekutoru,9,基礎9
数学 B,mathB,2,ベクトル,bekutoru,1,平面ベクトル,heimenbekutoru,10,基礎10
数学 B,mathB,2,ベクトル,bekutoru,1,平面ベクトル,heimenbekutoru,11,基礎11
数学 B,mathB,2,ベクトル,bekutoru,1,平面ベクトル,heimenbekutoru,12,基礎12
数学 B,mathB,2,ベクトル,bekutoru,1,平面ベクトル,heimenbekutoru,13,基礎13
数学 B,mathB,2,ベクトル,bekutoru,2,内積,naiseki,1,基礎1
数学 B,mathB,2,ベクトル,bekutoru,2,内積,naiseki,2,基礎2
数学 B,mathB,2,ベクトル,bekutoru,2,内積,naiseki,3,基礎3
数学 B,mathB,2,ベクトル,bekutoru,2,内積,naiseki,4,基礎4
数学 B,mathB,2,ベクトル,bekutoru,2,内積,naiseki,5,基礎5
数学 B,mathB,2,ベクトル,bekutoru,2,内積,naiseki,6,基礎6
数学 B,mathB,2,ベクトル,bekutoru,2,内積,naiseki,7,基礎7
数学 B,mathB,2,ベクトル,bekutoru,2,内積,naiseki,8,基礎8
数学 B,mathB,2,ベクトル,bekutoru,2,内積,naiseki,9,基礎9
数学 B,mathB,2,ベクトル,bekutoru,2,内積,naiseki,10,基礎10
数学 B,mathB,2,ベクトル,bekutoru,2,内積,naiseki,11,基礎11
数学 B,mathB,2,ベクトル,bekutoru,2,内積,naiseki,12,基礎12
数学 B,mathB,2,ベクトル,bekutoru,2,内積,naiseki,13,基礎13
数学 B,mathB,2,ベクトル,bekutoru,2,内積,naiseki,14,基礎14
数学 B,mathB,2,ベクトル,bekutoru,3,位置ベクトル,ichibekutoru,1,基礎1
数学 B,mathB,2,ベクトル,bekutoru,3,位置ベクトル,ichibekutoru,2,基礎2
数学 B,mathB,2,ベクトル,bekutoru,3,位置ベクトル,ichibekutoru,3,基礎3
数学 B,mathB,2,ベクトル,bekutoru,3,位置ベクトル,ichibekutoru,4,基礎4
数学 B,mathB,2,ベクトル,bekutoru,4,ベクトルの一次独立,bekutorunoichijidokuritsu,1,基礎1
数学 B,mathB,2,ベクトル,bekutoru,4,ベクトルの一次独立,bekutorunoichijidokuritsu,2,基礎2
数学 B,mathB,2,ベクトル,bekutoru,4,ベクトルの一次独立,bekutorunoichijidokuritsu,3,基礎3
数学 B,mathB,2,ベクトル,bekutoru,4,ベクトルの一次独立,bekutorunoichijidokuritsu,4,基礎4
数学 B,mathB,2,ベクトル,bekutoru,4,ベクトルの一次独立,bekutorunoichijidokuritsu,5,基礎4 (続)
数学 B,mathB,2,ベクトル,bekutoru,4,ベクトルの一次独立,bekutorunoichijidokuritsu,6,基礎4 (続)
数学 B,mathB,2,ベクトル,bekutoru,4,ベクトルの一次独立,bekutorunoichijidokuritsu,7,基礎5
数学 B,mathB,2,ベクトル,bekutoru,4,ベクトルの一次独立,bekutorunoichijidokuritsu,8,基礎6
数学 B,mathB,2,ベクトル,bekutoru,4,ベクトルの一次独立,bekutorunoichijidokuritsu,9,基礎7
数学 B,mathB,2,ベクトル,bekutoru,4,ベクトルの一次独立,bekutorunoichijidokuritsu,10,基礎8
数学 B,mathB,2,ベクトル,bekutoru,4,ベクトルの一次独立,bekutorunoichijidokuritsu,11,基礎9
数学 B,mathB,2,ベクトル,bekutoru,4,ベクトルの一次独立,bekutorunoichijidokuritsu,12,基礎10
数学 B,mathB,2,ベクトル,bekutoru,5,ベクトル方程式,bekutoruhoteishiki,1,基礎1
数学 B,mathB,2,ベクトル,bekutoru,5,ベクトル方程式,bekutoruhoteishiki,2,基礎2
数学 B,mathB,2,ベクトル,bekutoru,5,ベクトル方程式,bekutoruhoteishiki,3,基礎3
数学 B,mathB,2,ベクトル,bekutoru,5,ベクトル方程式,bekutoruhoteishiki,4,基礎4
数学 B,mathB,2,ベクトル,bekutoru,5,ベクトル方程式,bekutoruhoteishiki,5,基礎5
数学 B,mathB,2,ベクトル,bekutoru,5,ベクトル方程式,bekutoruhoteishiki,6,基礎6
数学 B,mathB,2,ベクトル,bekutoru,6,空間ベクトル (基本),kukanbekutoru-kihon,1,基礎1
数学 B,mathB,2,ベクトル,bekutoru,6,空間ベクトル (基本),kukanbekutoru-kihon,2,基礎2
数学 B,mathB,2,ベクトル,bekutoru,6,空間ベクトル (基本),kukanbekutoru-kihon,3,基礎3
数学 B,mathB,2,ベクトル,bekutoru,6,空間ベクトル (基本),kukanbekutoru-kihon,4,基礎4
数学 B,mathB,2,ベクトル,bekutoru,6,空間ベクトル (基本),kukanbekutoru-kihon,5,基礎5
数学 B,mathB,2,ベクトル,bekutoru,7,空間ベクトル (発展),kukanbekutoru-hatten,1,発展1
数学 B,mathB,2,ベクトル,bekutoru,7,空間ベクトル (発展),kukanbekutoru-hatten,2,発展2
数学 B,mathB,2,ベクトル,bekutoru,7,空間ベクトル (発展),kukanbekutoru-hatten,3,発展3
数学 B,mathB,2,ベクトル,bekutoru,7,空間ベクトル (発展),kukanbekutoru-hatten,4,発展4
数学 B,mathB,2,ベクトル,bekutoru,7,空間ベクトル (発展),kukanbekutoru-hatten,5,発展5
数学 B,mathB,2,ベクトル,bekutoru,7,空間ベクトル (発展),kukanbekutoru-hatten,6,発展5 (続)
数学 B,mathB,2,ベクトル,bekutoru,7,空間ベクトル (発展),kukanbekutoru-hatten,7,発展6
数学 B,mathB,2,ベクトル,bekutoru,7,空間ベクトル (発展),kukanbekutoru-hatten,8,発展7
数学 B,mathB,2,ベクトル,bekutoru,7,空間ベクトル (発展),kukanbekutoru-hatten,9,発展8
数学 B,mathB,2,ベクトル,bekutoru,7,空間ベクトル (発展),kukanbekutoru-hatten,10,発展9
数学 B,mathB,2,ベクトル,bekutoru,7,空間ベクトル (発展),kukanbekutoru-hatten,11,発展10
数学 B,mathB,2,ベクトル,bekutoru,7,空間ベクトル (発展),kukanbekutoru-hatten,12,発展11
数学 B,mathB,2,ベクトル,bekutoru,7,空間ベクトル (発展),kukanbekutoru-hatten,13,発展12
数学 B,mathB,2,ベクトル,bekutoru,7,空間ベクトル (発展),kukanbekutoru-hatten,14,発展12 (続)
数学 B,mathB,2,ベクトル,bekutoru,8,空間ベクトル 球・直線・平面の方程式,kukanbekutoru-kyu-tyokusen-heimennohoteishiki,1,球1
数学 B,mathB,2,ベクトル,bekutoru,8,空間ベクトル 球・直線・平面の方程式,kukanbekutoru-kyu-tyokusen-heimennohoteishiki,2,球2
数学 B,mathB,2,ベクトル,bekutoru,8,空間ベクトル 球・直線・平面の方程式,kukanbekutoru-kyu-tyokusen-heimennohoteishiki,3,球3
数学 B,mathB,2,ベクトル,bekutoru,8,空間ベクトル 球・直線・平面の方程式,kukanbekutoru-kyu-tyokusen-heimennohoteishiki,4,球3 (続)
数学 B,mathB,2,ベクトル,bekutoru,8,空間ベクトル 球・直線・平面の方程式,kukanbekutoru-kyu-tyokusen-heimennohoteishiki,5,直線
数学 B,mathB,2,ベクトル,bekutoru,8,空間ベクトル 球・直線・平面の方程式,kukanbekutoru-kyu-tyokusen-heimennohoteishiki,6,平面の方程式1
数学 B,mathB,2,ベクトル,bekutoru,8,空間ベクトル 球・直線・平面の方程式,kukanbekutoru-kyu-tyokusen-heimennohoteishiki,7,平面の方程式2