数学 Ⅱ,math2,1,式と証明,shikitoshomei,1,二項定理,nikoteiri,1,基礎1
数学 Ⅱ,math2,1,式と証明,shikitoshomei,1,二項定理,nikoteiri,2,基礎2
数学 Ⅱ,math2,1,式と証明,shikitoshomei,1,二項定理,nikoteiri,3,基礎3
数学 Ⅱ,math2,1,式と証明,shikitoshomei,1,二項定理,nikoteiri,4,基礎4
数学 Ⅱ,math2,1,式と証明,shikitoshomei,1,二項定理,nikoteiri,5,基礎5
数学 Ⅱ,math2,1,式と証明,shikitoshomei,2,整式の割算,seishikinowarizan,1,基礎1
数学 Ⅱ,math2,1,式と証明,shikitoshomei,2,整式の割算,seishikinowarizan,2,基礎2
数学 Ⅱ,math2,1,式と証明,shikitoshomei,2,整式の割算,seishikinowarizan,3,基礎3
数学 Ⅱ,math2,1,式と証明,shikitoshomei,2,整式の割算,seishikinowarizan,4,基礎4
数学 Ⅱ,math2,1,式と証明,shikitoshomei,3,分数式,bunsushiki,1,基礎1
数学 Ⅱ,math2,1,式と証明,shikitoshomei,3,分数式,bunsushiki,2,基礎2
数学 Ⅱ,math2,1,式と証明,shikitoshomei,3,分数式,bunsushiki,3,基礎3
数学 Ⅱ,math2,1,式と証明,shikitoshomei,3,分数式,bunsushiki,4,基礎4
数学 Ⅱ,math2,1,式と証明,shikitoshomei,3,分数式,bunsushiki,5,基礎5
数学 Ⅱ,math2,1,式と証明,shikitoshomei,4,恒等式,kotoshiki,1,基礎1
数学 Ⅱ,math2,1,式と証明,shikitoshomei,4,恒等式,kotoshiki,2,基礎2
数学 Ⅱ,math2,1,式と証明,shikitoshomei,4,恒等式,kotoshiki,3,基礎3
数学 Ⅱ,math2,1,式と証明,shikitoshomei,4,恒等式,kotoshiki,4,基礎4
数学 Ⅱ,math2,1,式と証明,shikitoshomei,4,恒等式,kotoshiki,5,基礎5
数学 Ⅱ,math2,1,式と証明,shikitoshomei,4,恒等式,kotoshiki,6,基礎6
数学 Ⅱ,math2,1,式と証明,shikitoshomei,5,等式の証明,toshikinoshomei,1,基礎1
数学 Ⅱ,math2,1,式と証明,shikitoshomei,5,等式の証明,toshikinoshomei,2,基礎2
数学 Ⅱ,math2,1,式と証明,shikitoshomei,5,等式の証明,toshikinoshomei,3,基礎3
数学 Ⅱ,math2,1,式と証明,shikitoshomei,5,等式の証明,toshikinoshomei,4,基礎4
数学 Ⅱ,math2,1,式と証明,shikitoshomei,5,等式の証明,toshikinoshomei,5,基礎5
数学 Ⅱ,math2,1,式と証明,shikitoshomei,5,等式の証明,toshikinoshomei,6,基礎6
数学 Ⅱ,math2,1,式と証明,shikitoshomei,5,等式の証明,toshikinoshomei,7,基礎7
数学 Ⅱ,math2,1,式と証明,shikitoshomei,6,不等式の証明,futoshikinoshomei,1,基礎1
数学 Ⅱ,math2,1,式と証明,shikitoshomei,6,不等式の証明,futoshikinoshomei,2,基礎2
数学 Ⅱ,math2,1,式と証明,shikitoshomei,6,不等式の証明,futoshikinoshomei,3,基礎3
数学 Ⅱ,math2,1,式と証明,shikitoshomei,6,不等式の証明,futoshikinoshomei,4,基礎4
数学 Ⅱ,math2,1,式と証明,shikitoshomei,6,不等式の証明,futoshikinoshomei,5,基礎5
数学 Ⅱ,math2,1,式と証明,shikitoshomei,6,不等式の証明,futoshikinoshomei,6,基礎6
数学 Ⅱ,math2,1,式と証明,shikitoshomei,6,不等式の証明,futoshikinoshomei,7,基礎7
数学 Ⅱ,math2,1,式と証明,shikitoshomei,6,不等式の証明,futoshikinoshomei,8,基礎8
数学 Ⅱ,math2,1,式と証明,shikitoshomei,6,不等式の証明,futoshikinoshomei,9,基礎9
数学 Ⅱ,math2,1,式と証明,shikitoshomei,6,不等式の証明,futoshikinoshomei,10,基礎10
数学 Ⅱ,math2,1,式と証明,shikitoshomei,6,不等式の証明,futoshikinoshomei,11,基礎11
数学 Ⅱ,math2,1,式と証明,shikitoshomei,6,不等式の証明,futoshikinoshomei,12,基礎12
数学 Ⅱ,math2,1,式と証明,shikitoshomei,6,不等式の証明,futoshikinoshomei,13,基礎13
数学 Ⅱ,math2,2,複素数,fukusosu,1,複素数基礎,fukusosukiso,1,基礎1
数学 Ⅱ,math2,2,複素数,fukusosu,1,複素数基礎,fukusosukiso,2,基礎2
数学 Ⅱ,math2,2,複素数,fukusosu,1,複素数基礎,fukusosukiso,3,基礎3
数学 Ⅱ,math2,2,複素数,fukusosu,1,複素数基礎,fukusosukiso,4,基礎4
数学 Ⅱ,math2,2,複素数,fukusosu,2,複素数と2次方程式,fukusosutonijihoteishiki,1,基礎1
数学 Ⅱ,math2,2,複素数,fukusosu,2,複素数と2次方程式,fukusosutonijihoteishiki,2,基礎2
数学 Ⅱ,math2,2,複素数,fukusosu,2,複素数と2次方程式,fukusosutonijihoteishiki,3,基礎3
数学 Ⅱ,math2,2,複素数,fukusosu,2,複素数と2次方程式,fukusosutonijihoteishiki,4,基礎4
数学 Ⅱ,math2,2,複素数,fukusosu,2,複素数と2次方程式,fukusosutonijihoteishiki,5,基礎5
数学 Ⅱ,math2,2,複素数,fukusosu,2,複素数と2次方程式,fukusosutonijihoteishiki,6,基礎6
数学 Ⅱ,math2,2,複素数,fukusosu,2,複素数と2次方程式,fukusosutonijihoteishiki,7,基礎7
数学 Ⅱ,math2,2,複素数,fukusosu,2,複素数と2次方程式,fukusosutonijihoteishiki,8,基礎8
数学 Ⅱ,math2,2,複素数,fukusosu,2,複素数と2次方程式,fukusosutonijihoteishiki,9,基礎9
数学 Ⅱ,math2,2,複素数,fukusosu,2,複素数と2次方程式,fukusosutonijihoteishiki,10,基礎10
数学 Ⅱ,math2,2,複素数,fukusosu,2,複素数と2次方程式,fukusosutonijihoteishiki,11,基礎11
数学 Ⅱ,math2,2,複素数,fukusosu,2,複素数と2次方程式,fukusosutonijihoteishiki,12,基礎12
数学 Ⅱ,math2,2,複素数,fukusosu,2,複素数と2次方程式,fukusosutonijihoteishiki,13,基礎13
数学 Ⅱ,math2,2,複素数,fukusosu,3,因数定理,insuteiri,1,基礎1
数学 Ⅱ,math2,2,複素数,fukusosu,3,因数定理,insuteiri,2,基礎2
数学 Ⅱ,math2,2,複素数,fukusosu,3,因数定理,insuteiri,3,基礎3
数学 Ⅱ,math2,2,複素数,fukusosu,3,因数定理,insuteiri,4,基礎4
数学 Ⅱ,math2,2,複素数,fukusosu,3,因数定理,insuteiri,5,基礎5
数学 Ⅱ,math2,2,複素数,fukusosu,3,因数定理,insuteiri,6,基礎6
数学 Ⅱ,math2,2,複素数,fukusosu,3,因数定理,insuteiri,7,基礎7
数学 Ⅱ,math2,2,複素数,fukusosu,3,因数定理,insuteiri,8,基礎8
数学 Ⅱ,math2,2,複素数,fukusosu,3,因数定理,insuteiri,9,基礎9
数学 Ⅱ,math2,2,複素数,fukusosu,3,因数定理,insuteiri,10,基礎10
数学 Ⅱ,math2,2,複素数,fukusosu,4,高次方程式,kojihoteishiki,1,基礎1
数学 Ⅱ,math2,2,複素数,fukusosu,4,高次方程式,kojihoteishiki,2,基礎2
数学 Ⅱ,math2,2,複素数,fukusosu,4,高次方程式,kojihoteishiki,3,基礎2 (続)
数学 Ⅱ,math2,2,複素数,fukusosu,4,高次方程式,kojihoteishiki,4,基礎3
数学 Ⅱ,math2,2,複素数,fukusosu,4,高次方程式,kojihoteishiki,5,基礎4
数学 Ⅱ,math2,2,複素数,fukusosu,4,高次方程式,kojihoteishiki,6,基礎5
数学 Ⅱ,math2,2,複素数,fukusosu,4,高次方程式,kojihoteishiki,7,基礎6
数学 Ⅱ,math2,2,複素数,fukusosu,4,高次方程式,kojihoteishiki,8,基礎7
数学 Ⅱ,math2,2,複素数,fukusosu,4,高次方程式,kojihoteishiki,9,基礎8
数学 Ⅱ,math2,2,複素数,fukusosu,4,高次方程式,kojihoteishiki,10,基礎9
数学 Ⅱ,math2,2,複素数,fukusosu,4,高次方程式,kojihoteishiki,11,基礎10
数学 Ⅱ,math2,2,複素数,fukusosu,4,高次方程式,kojihoteishiki,12,基礎10 (続)
数学 Ⅱ,math2,2,複素数,fukusosu,4,高次方程式,kojihoteishiki,13,基礎11
数学 Ⅱ,math2,2,複素数,fukusosu,4,高次方程式,kojihoteishiki,14,基礎12
数学 Ⅱ,math2,2,複素数,fukusosu,4,高次方程式,kojihoteishiki,15,基礎12 (続)
数学 Ⅱ,math2,2,複素数,fukusosu,4,高次方程式,kojihoteishiki,16,基礎13
数学 Ⅱ,math2,2,複素数,fukusosu,4,高次方程式,kojihoteishiki,17,基礎14
数学 Ⅱ,math2,3,図形と方程式,zukeitohoteishiki,1,平面上の点,heimenjonoten,1,基礎1
数学 Ⅱ,math2,3,図形と方程式,zukeitohoteishiki,1,平面上の点,heimenjonoten,2,基礎2
数学 Ⅱ,math2,3,図形と方程式,zukeitohoteishiki,1,平面上の点,heimenjonoten,3,基礎2 (続)
数学 Ⅱ,math2,3,図形と方程式,zukeitohoteishiki,1,平面上の点,heimenjonoten,4,基礎3
数学 Ⅱ,math2,3,図形と方程式,zukeitohoteishiki,1,平面上の点,heimenjonoten,5,基礎3 (続)
数学 Ⅱ,math2,3,図形と方程式,zukeitohoteishiki,1,平面上の点,heimenjonoten,6,基礎4
数学 Ⅱ,math2,3,図形と方程式,zukeitohoteishiki,1,平面上の点,heimenjonoten,7,基礎5
数学 Ⅱ,math2,3,図形と方程式,zukeitohoteishiki,1,平面上の点,heimenjonoten,8,基礎6
数学 Ⅱ,math2,3,図形と方程式,zukeitohoteishiki,1,平面上の点,heimenjonoten,9,基礎7
数学 Ⅱ,math2,3,図形と方程式,zukeitohoteishiki,1,平面上の点,heimenjonoten,10,基礎8
数学 Ⅱ,math2,3,図形と方程式,zukeitohoteishiki,1,平面上の点,heimenjonoten,11,基礎9
数学 Ⅱ,math2,3,図形と方程式,zukeitohoteishiki,1,平面上の点,heimenjonoten,12,基礎10
数学 Ⅱ,math2,3,図形と方程式,zukeitohoteishiki,2,直線の方程式,chokusennohoteishiki,1,基礎1
数学 Ⅱ,math2,3,図形と方程式,zukeitohoteishiki,2,直線の方程式,chokusennohoteishiki,2,基礎2
数学 Ⅱ,math2,3,図形と方程式,zukeitohoteishiki,2,直線の方程式,chokusennohoteishiki,3,基礎2 (続)
数学 Ⅱ,math2,3,図形と方程式,zukeitohoteishiki,2,直線の方程式,chokusennohoteishiki,4,基礎3
数学 Ⅱ,math2,3,図形と方程式,zukeitohoteishiki,2,直線の方程式,chokusennohoteishiki,5,基礎3 (続)
数学 Ⅱ,math2,3,図形と方程式,zukeitohoteishiki,2,直線の方程式,chokusennohoteishiki,6,基礎4
数学 Ⅱ,math2,3,図形と方程式,zukeitohoteishiki,2,直線の方程式,chokusennohoteishiki,7,基礎5
数学 Ⅱ,math2,3,図形と方程式,zukeitohoteishiki,2,直線の方程式,chokusennohoteishiki,8,基礎6
数学 Ⅱ,math2,3,図形と方程式,zukeitohoteishiki,2,直線の方程式,chokusennohoteishiki,9,基礎7
数学 Ⅱ,math2,3,図形と方程式,zukeitohoteishiki,2,直線の方程式,chokusennohoteishiki,10,基礎8
数学 Ⅱ,math2,3,図形と方程式,zukeitohoteishiki,2,直線の方程式,chokusennohoteishiki,11,基礎9
数学 Ⅱ,math2,3,図形と方程式,zukeitohoteishiki,2,直線の方程式,chokusennohoteishiki,12,基礎10
数学 Ⅱ,math2,3,図形と方程式,zukeitohoteishiki,2,直線の方程式,chokusennohoteishiki,13,基礎11
数学 Ⅱ,math2,3,図形と方程式,zukeitohoteishiki,2,直線の方程式,chokusennohoteishiki,14,基礎12
数学 Ⅱ,math2,3,図形と方程式,zukeitohoteishiki,2,直線の方程式,chokusennohoteishiki,15,基礎13
数学 Ⅱ,math2,3,図形と方程式,zukeitohoteishiki,2,直線の方程式,chokusennohoteishiki,16,基礎14
数学 Ⅱ,math2,3,図形と方程式,zukeitohoteishiki,3,点と直線の距離,tentochokusennokyori,1,基礎1
数学 Ⅱ,math2,3,図形と方程式,zukeitohoteishiki,3,点と直線の距離,tentochokusennokyori,2,基礎1 (続)
数学 Ⅱ,math2,3,図形と方程式,zukeitohoteishiki,3,点と直線の距離,tentochokusennokyori,3,基礎2
数学 Ⅱ,math2,3,図形と方程式,zukeitohoteishiki,3,点と直線の距離,tentochokusennokyori,4,基礎3
数学 Ⅱ,math2,3,図形と方程式,zukeitohoteishiki,3,点と直線の距離,tentochokusennokyori,5,基礎4
数学 Ⅱ,math2,3,図形と方程式,zukeitohoteishiki,3,点と直線の距離,tentochokusennokyori,6,基礎5
数学 Ⅱ,math2,3,図形と方程式,zukeitohoteishiki,4,円の方程式,ennohoteishiki,1,基礎1
数学 Ⅱ,math2,3,図形と方程式,zukeitohoteishiki,4,円の方程式,ennohoteishiki,2,基礎2
数学 Ⅱ,math2,3,図形と方程式,zukeitohoteishiki,4,円の方程式,ennohoteishiki,3,基礎3
数学 Ⅱ,math2,3,図形と方程式,zukeitohoteishiki,4,円の方程式,ennohoteishiki,4,基礎3 (続)
数学 Ⅱ,math2,3,図形と方程式,zukeitohoteishiki,4,円の方程式,ennohoteishiki,5,基礎3 (続)
数学 Ⅱ,math2,3,図形と方程式,zukeitohoteishiki,4,円の方程式,ennohoteishiki,6,基礎4
数学 Ⅱ,math2,3,図形と方程式,zukeitohoteishiki,4,円の方程式,ennohoteishiki,7,基礎5
数学 Ⅱ,math2,3,図形と方程式,zukeitohoteishiki,4,円の方程式,ennohoteishiki,8,基礎6
数学 Ⅱ,math2,3,図形と方程式,zukeitohoteishiki,4,円の方程式,ennohoteishiki,9,基礎7
数学 Ⅱ,math2,3,図形と方程式,zukeitohoteishiki,4,円の方程式,ennohoteishiki,10,基礎8
数学 Ⅱ,math2,3,図形と方程式,zukeitohoteishiki,4,円の方程式,ennohoteishiki,11,基礎9
数学 Ⅱ,math2,3,図形と方程式,zukeitohoteishiki,4,円の方程式,ennohoteishiki,12,基礎10
数学 Ⅱ,math2,3,図形と方程式,zukeitohoteishiki,4,円の方程式,ennohoteishiki,13,基礎11
数学 Ⅱ,math2,3,図形と方程式,zukeitohoteishiki,4,円の方程式,ennohoteishiki,14,基礎12
数学 Ⅱ,math2,3,図形と方程式,zukeitohoteishiki,4,円の方程式,ennohoteishiki,15,基礎13
数学 Ⅱ,math2,3,図形と方程式,zukeitohoteishiki,4,円の方程式,ennohoteishiki,16,基礎14
数学 Ⅱ,math2,3,図形と方程式,zukeitohoteishiki,4,円の方程式,ennohoteishiki,17,基礎15
数学 Ⅱ,math2,3,図形と方程式,zukeitohoteishiki,4,円の方程式,ennohoteishiki,18,基礎16
数学 Ⅱ,math2,3,図形と方程式,zukeitohoteishiki,5,円の方程式発展,ennohoteishikihatten,1,発展1
数学 Ⅱ,math2,3,図形と方程式,zukeitohoteishiki,5,円の方程式発展,ennohoteishikihatten,2,発展2
数学 Ⅱ,math2,3,図形と方程式,zukeitohoteishiki,5,円の方程式発展,ennohoteishikihatten,3,発展2 (続)
数学 Ⅱ,math2,3,図形と方程式,zukeitohoteishiki,5,円の方程式発展,ennohoteishikihatten,4,発展3
数学 Ⅱ,math2,3,図形と方程式,zukeitohoteishiki,5,円の方程式発展,ennohoteishikihatten,5,発展4
数学 Ⅱ,math2,3,図形と方程式,zukeitohoteishiki,5,円の方程式発展,ennohoteishikihatten,6,発展5
数学 Ⅱ,math2,3,図形と方程式,zukeitohoteishiki,6,軌跡,kiseki,1,基礎1
数学 Ⅱ,math2,3,図形と方程式,zukeitohoteishiki,6,軌跡,kiseki,2,基礎2
数学 Ⅱ,math2,3,図形と方程式,zukeitohoteishiki,6,軌跡,kiseki,3,基礎3
数学 Ⅱ,math2,3,図形と方程式,zukeitohoteishiki,6,軌跡,kiseki,4,基礎4
数学 Ⅱ,math2,3,図形と方程式,zukeitohoteishiki,6,軌跡,kiseki,5,基礎5
数学 Ⅱ,math2,3,図形と方程式,zukeitohoteishiki,6,軌跡,kiseki,6,基礎6
数学 Ⅱ,math2,3,図形と方程式,zukeitohoteishiki,6,軌跡,kiseki,7,基礎7
数学 Ⅱ,math2,3,図形と方程式,zukeitohoteishiki,6,軌跡,kiseki,8,基礎8
数学 Ⅱ,math2,4,三角関数,sankakukansu,1,三角関数基礎,sankakukansukiso,1,基礎1
数学 Ⅱ,math2,4,三角関数,sankakukansu,1,三角関数基礎,sankakukansukiso,2,基礎2
数学 Ⅱ,math2,4,三角関数,sankakukansu,1,三角関数基礎,sankakukansukiso,3,基礎3
数学 Ⅱ,math2,4,三角関数,sankakukansu,2,弧度法,kodoho,1,基礎1
数学 Ⅱ,math2,4,三角関数,sankakukansu,2,弧度法,kodoho,2,基礎2
数学 Ⅱ,math2,4,三角関数,sankakukansu,2,弧度法,kodoho,3,基礎3
数学 Ⅱ,math2,4,三角関数,sankakukansu,2,弧度法,kodoho,4,基礎4
数学 Ⅱ,math2,4,三角関数,sankakukansu,2,弧度法,kodoho,5,基礎5
数学 Ⅱ,math2,4,三角関数,sankakukansu,3,三角関数復習,sankakukansuhukushu,1,復習1
数学 Ⅱ,math2,4,三角関数,sankakukansu,3,三角関数復習,sankakukansuhukushu,2,復習2
数学 Ⅱ,math2,4,三角関数,sankakukansu,3,三角関数復習,sankakukansuhukushu,3,復習3
数学 Ⅱ,math2,4,三角関数,sankakukansu,3,三角関数復習,sankakukansuhukushu,4,復習4
数学 Ⅱ,math2,4,三角関数,sankakukansu,3,三角関数復習,sankakukansuhukushu,5,復習5
数学 Ⅱ,math2,4,三角関数,sankakukansu,3,三角関数復習,sankakukansuhukushu,6,復習6
数学 Ⅱ,math2,4,三角関数,sankakukansu,3,三角関数復習,sankakukansuhukushu,7,復習7
数学 Ⅱ,math2,4,三角関数,sankakukansu,3,三角関数復習,sankakukansuhukushu,8,復習8
数学 Ⅱ,math2,4,三角関数,sankakukansu,3,三角関数復習,sankakukansuhukushu,9,復習9
数学 Ⅱ,math2,4,三角関数,sankakukansu,4,三角関数グラフ,sankakukansugurafu,1,基礎1
数学 Ⅱ,math2,4,三角関数,sankakukansu,4,三角関数グラフ,sankakukansugurafu,2,基礎2
数学 Ⅱ,math2,4,三角関数,sankakukansu,4,三角関数グラフ,sankakukansugurafu,3,基礎3
数学 Ⅱ,math2,4,三角関数,sankakukansu,4,三角関数グラフ,sankakukansugurafu,4,基礎4
数学 Ⅱ,math2,4,三角関数,sankakukansu,4,三角関数グラフ,sankakukansugurafu,5,基礎5
数学 Ⅱ,math2,4,三角関数,sankakukansu,4,三角関数グラフ,sankakukansugurafu,6,基礎6
数学 Ⅱ,math2,4,三角関数,sankakukansu,4,三角関数グラフ,sankakukansugurafu,7,基礎7
数学 Ⅱ,math2,4,三角関数,sankakukansu,4,三角関数グラフ,sankakukansugurafu,8,基礎8
数学 Ⅱ,math2,4,三角関数,sankakukansu,4,三角関数グラフ,sankakukansugurafu,9,基礎8 (続)
数学 Ⅱ,math2,4,三角関数,sankakukansu,4,三角関数グラフ,sankakukansugurafu,10,基礎9
数学 Ⅱ,math2,4,三角関数,sankakukansu,4,三角関数グラフ,sankakukansugurafu,11,基礎10
数学 Ⅱ,math2,4,三角関数,sankakukansu,5,三角方程式不等式,sankakuhoteishikifutoshiki,1,基礎1
数学 Ⅱ,math2,4,三角関数,sankakukansu,5,三角方程式不等式,sankakuhoteishikifutoshiki,2,基礎1 (続)
数学 Ⅱ,math2,4,三角関数,sankakukansu,5,三角方程式不等式,sankakuhoteishikifutoshiki,3,基礎2
数学 Ⅱ,math2,4,三角関数,sankakukansu,5,三角方程式不等式,sankakuhoteishikifutoshiki,4,基礎2 (続)
数学 Ⅱ,math2,4,三角関数,sankakukansu,5,三角方程式不等式,sankakuhoteishikifutoshiki,5,基礎2 (続)
数学 Ⅱ,math2,4,三角関数,sankakukansu,5,三角方程式不等式,sankakuhoteishikifutoshiki,6,基礎3
数学 Ⅱ,math2,4,三角関数,sankakukansu,5,三角方程式不等式,sankakuhoteishikifutoshiki,7,基礎4
数学 Ⅱ,math2,4,三角関数,sankakukansu,6,加法定理,kahoteiri,1,基礎1
数学 Ⅱ,math2,4,三角関数,sankakukansu,6,加法定理,kahoteiri,2,基礎2
数学 Ⅱ,math2,4,三角関数,sankakukansu,6,加法定理,kahoteiri,3,基礎3
数学 Ⅱ,math2,4,三角関数,sankakukansu,6,加法定理,kahoteiri,4,基礎4
数学 Ⅱ,math2,4,三角関数,sankakukansu,6,加法定理,kahoteiri,5,基礎5
数学 Ⅱ,math2,4,三角関数,sankakukansu,6,加法定理,kahoteiri,6,基礎6
数学 Ⅱ,math2,4,三角関数,sankakukansu,6,加法定理,kahoteiri,7,基礎7
数学 Ⅱ,math2,4,三角関数,sankakukansu,6,加法定理,kahoteiri,8,基礎8
数学 Ⅱ,math2,4,三角関数,sankakukansu,6,加法定理,kahoteiri,9,基礎9
数学 Ⅱ,math2,4,三角関数,sankakukansu,7,倍角半角公式,baikakuhankakuhoshiki,1,基礎1
数学 Ⅱ,math2,4,三角関数,sankakukansu,7,倍角半角公式,baikakuhankakuhoshiki,2,基礎2
数学 Ⅱ,math2,4,三角関数,sankakukansu,7,倍角半角公式,baikakuhankakuhoshiki,3,基礎3
数学 Ⅱ,math2,4,三角関数,sankakukansu,7,倍角半角公式,baikakuhankakuhoshiki,4,基礎4
数学 Ⅱ,math2,4,三角関数,sankakukansu,7,倍角半角公式,baikakuhankakuhoshiki,5,基礎4 (続)
数学 Ⅱ,math2,4,三角関数,sankakukansu,8,合成,gosei,1,基礎1
数学 Ⅱ,math2,4,三角関数,sankakukansu,8,合成,gosei,2,基礎2
数学 Ⅱ,math2,4,三角関数,sankakukansu,8,合成,gosei,3,基礎2 (続)
数学 Ⅱ,math2,4,三角関数,sankakukansu,8,合成,gosei,4,基礎3
数学 Ⅱ,math2,4,三角関数,sankakukansu,8,合成,gosei,5,基礎4
数学 Ⅱ,math2,4,三角関数,sankakukansu,8,合成,gosei,6,基礎5
数学 Ⅱ,math2,4,三角関数,sankakukansu,8,合成,gosei,7,基礎5 (続)
数学 Ⅱ,math2,4,三角関数,sankakukansu,9,三角関数発展演習,sankakukansuhattenenshu,1,発展1
数学 Ⅱ,math2,4,三角関数,sankakukansu,9,三角関数発展演習,sankakukansuhattenenshu,2,発展2
数学 Ⅱ,math2,4,三角関数,sankakukansu,9,三角関数発展演習,sankakukansuhattenenshu,3,発展3
数学 Ⅱ,math2,4,三角関数,sankakukansu,9,三角関数発展演習,sankakukansuhattenenshu,4,発展3 (続)
数学 Ⅱ,math2,4,三角関数,sankakukansu,9,三角関数発展演習,sankakukansuhattenenshu,5,発展4
数学 Ⅱ,math2,4,三角関数,sankakukansu,9,三角関数発展演習,sankakukansuhattenenshu,6,発展4 (続)
数学 Ⅱ,math2,4,三角関数,sankakukansu,9,三角関数発展演習,sankakukansuhattenenshu,7,発展5
数学 Ⅱ,math2,4,三角関数,sankakukansu,9,三角関数発展演習,sankakukansuhattenenshu,8,発展6
数学 Ⅱ,math2,4,三角関数,sankakukansu,9,三角関数発展演習,sankakukansuhattenenshu,9,発展6 (続)
数学 Ⅱ,math2,5,指数関数,shisukansu,1,指数関数,shisukansu,1,基礎1
数学 Ⅱ,math2,5,指数関数,shisukansu,1,指数関数,shisukansu,2,基礎2
数学 Ⅱ,math2,5,指数関数,shisukansu,1,指数関数,shisukansu,3,基礎3
数学 Ⅱ,math2,5,指数関数,shisukansu,1,指数関数,shisukansu,4,基礎4
数学 Ⅱ,math2,5,指数関数,shisukansu,1,指数関数,shisukansu,5,基礎5
数学 Ⅱ,math2,5,指数関数,shisukansu,1,指数関数,shisukansu,6,基礎6
数学 Ⅱ,math2,5,指数関数,shisukansu,1,指数関数,shisukansu,7,基礎7
数学 Ⅱ,math2,5,指数関数,shisukansu,1,指数関数,shisukansu,8,基礎8
数学 Ⅱ,math2,5,指数関数,shisukansu,1,指数関数,shisukansu,9,基礎9
数学 Ⅱ,math2,5,指数関数,shisukansu,1,指数関数,shisukansu,10,基礎10
数学 Ⅱ,math2,5,指数関数,shisukansu,1,指数関数,shisukansu,11,基礎11
数学 Ⅱ,math2,5,指数関数,shisukansu,1,指数関数,shisukansu,12,基礎12
数学 Ⅱ,math2,5,指数関数,shisukansu,1,指数関数,shisukansu,13,基礎13
数学 Ⅱ,math2,5,指数関数,shisukansu,1,指数関数,shisukansu,14,基礎14
数学 Ⅱ,math2,5,指数関数,shisukansu,1,指数関数,shisukansu,15,基礎15
数学 Ⅱ,math2,6,対数関数,taisukansu,1,対数基礎,taisukiso,1,基礎1
数学 Ⅱ,math2,6,対数関数,taisukansu,1,対数基礎,taisukiso,2,基礎2
数学 Ⅱ,math2,6,対数関数,taisukansu,1,対数基礎,taisukiso,3,基礎3
数学 Ⅱ,math2,6,対数関数,taisukansu,1,対数基礎,taisukiso,4,基礎4
数学 Ⅱ,math2,6,対数関数,taisukansu,1,対数基礎,taisukiso,5,基礎5
数学 Ⅱ,math2,6,対数関数,taisukansu,1,対数基礎,taisukiso,6,基礎6
数学 Ⅱ,math2,6,対数関数,taisukansu,1,対数基礎,taisukiso,7,基礎7
数学 Ⅱ,math2,6,対数関数,taisukansu,1,対数基礎,taisukiso,8,基礎8
数学 Ⅱ,math2,6,対数関数,taisukansu,1,対数基礎,taisukiso,9,基礎9
数学 Ⅱ,math2,6,対数関数,taisukansu,2,対数関数,taisukansu,1,基礎1
数学 Ⅱ,math2,6,対数関数,taisukansu,2,対数関数,taisukansu,2,基礎2
数学 Ⅱ,math2,6,対数関数,taisukansu,2,対数関数,taisukansu,3,基礎3
数学 Ⅱ,math2,6,対数関数,taisukansu,2,対数関数,taisukansu,4,基礎4
数学 Ⅱ,math2,6,対数関数,taisukansu,2,対数関数,taisukansu,5,基礎5
数学 Ⅱ,math2,6,対数関数,taisukansu,2,対数関数,taisukansu,6,基礎6
数学 Ⅱ,math2,6,対数関数,taisukansu,2,対数関数,taisukansu,7,基礎7
数学 Ⅱ,math2,6,対数関数,taisukansu,2,対数関数,taisukansu,8,基礎8
数学 Ⅱ,math2,6,対数関数,taisukansu,2,対数関数,taisukansu,9,基礎9
数学 Ⅱ,math2,6,対数関数,taisukansu,2,対数関数,taisukansu,10,基礎10
数学 Ⅱ,math2,6,対数関数,taisukansu,2,対数関数,taisukansu,11,基礎11
数学 Ⅱ,math2,6,対数関数,taisukansu,2,対数関数,taisukansu,12,基礎12
数学 Ⅱ,math2,6,対数関数,taisukansu,2,対数関数,taisukansu,13,基礎13
数学 Ⅱ,math2,6,対数関数,taisukansu,3,常用対数,joyotaisu,1,基礎1
数学 Ⅱ,math2,6,対数関数,taisukansu,3,常用対数,joyotaisu,2,基礎2
数学 Ⅱ,math2,6,対数関数,taisukansu,3,常用対数,joyotaisu,3,基礎3
数学 Ⅱ,math2,6,対数関数,taisukansu,3,常用対数,joyotaisu,4,基礎3 (続)
数学 Ⅱ,math2,6,対数関数,taisukansu,3,常用対数,joyotaisu,5,基礎4
数学 Ⅱ,math2,6,対数関数,taisukansu,3,常用対数,joyotaisu,6,基礎4 (続)
数学 Ⅱ,math2,7,微分,bibun,1,微分基本,bibunkihon,1,基礎1
数学 Ⅱ,math2,7,微分,bibun,1,微分基本,bibunkihon,2,基礎2
数学 Ⅱ,math2,7,微分,bibun,1,微分基本,bibunkihon,3,基礎3
数学 Ⅱ,math2,7,微分,bibun,1,微分基本,bibunkihon,4,基礎4
数学 Ⅱ,math2,7,微分,bibun,1,微分基本,bibunkihon,5,基礎5
数学 Ⅱ,math2,7,微分,bibun,1,微分基本,bibunkihon,6,基礎6
数学 Ⅱ,math2,7,微分,bibun,1,微分基本,bibunkihon,7,基礎7
数学 Ⅱ,math2,7,微分,bibun,2,接線の方程式,sessennohoteishiki,1,基礎1
数学 Ⅱ,math2,7,微分,bibun,2,接線の方程式,sessennohoteishiki,2,基礎2
数学 Ⅱ,math2,7,微分,bibun,2,接線の方程式,sessennohoteishiki,3,基礎3
数学 Ⅱ,math2,7,微分,bibun,2,接線の方程式,sessennohoteishiki,4,基礎4
数学 Ⅱ,math2,7,微分,bibun,2,接線の方程式,sessennohoteishiki,5,基礎5
数学 Ⅱ,math2,7,微分,bibun,2,接線の方程式,sessennohoteishiki,6,基礎6
数学 Ⅱ,math2,7,微分,bibun,2,接線の方程式,sessennohoteishiki,7,基礎7
数学 Ⅱ,math2,7,微分,bibun,2,接線の方程式,sessennohoteishiki,8,基礎8
数学 Ⅱ,math2,7,微分,bibun,2,接線の方程式,sessennohoteishiki,9,基礎9
数学 Ⅱ,math2,7,微分,bibun,3,グラフ,gurahu,1,基礎1
数学 Ⅱ,math2,7,微分,bibun,3,グラフ,gurahu,2,基礎2
数学 Ⅱ,math2,7,微分,bibun,3,グラフ,gurahu,3,基礎3
数学 Ⅱ,math2,7,微分,bibun,3,グラフ,gurahu,4,基礎4
数学 Ⅱ,math2,7,微分,bibun,3,グラフ,gurahu,5,基礎5
数学 Ⅱ,math2,7,微分,bibun,3,グラフ,gurahu,6,基礎6
数学 Ⅱ,math2,7,微分,bibun,3,グラフ,gurahu,7,基礎6 (続)
数学 Ⅱ,math2,7,微分,bibun,3,グラフ,gurahu,8,基礎6 (続)
数学 Ⅱ,math2,7,微分,bibun,3,グラフ,gurahu,9,基礎7
数学 Ⅱ,math2,7,微分,bibun,3,グラフ,gurahu,10,基礎8
数学 Ⅱ,math2,7,微分,bibun,3,グラフ,gurahu,11,基礎9
数学 Ⅱ,math2,7,微分,bibun,3,グラフ,gurahu,12,基礎10
数学 Ⅱ,math2,7,微分,bibun,3,グラフ,gurahu,13,基礎11
数学 Ⅱ,math2,7,微分,bibun,3,グラフ,gurahu,14,基礎12
数学 Ⅱ,math2,7,微分,bibun,4,最大最小,saidaisaisho,1,基礎1
数学 Ⅱ,math2,7,微分,bibun,4,最大最小,saidaisaisho,2,基礎2
数学 Ⅱ,math2,7,微分,bibun,4,最大最小,saidaisaisho,3,基礎3
数学 Ⅱ,math2,7,微分,bibun,4,最大最小,saidaisaisho,4,基礎4
数学 Ⅱ,math2,7,微分,bibun,4,最大最小,saidaisaisho,5,基礎5
数学 Ⅱ,math2,7,微分,bibun,5,極地問題,kyokuchimondai,1,基礎1
数学 Ⅱ,math2,7,微分,bibun,5,極地問題,kyokuchimondai,2,基礎2
数学 Ⅱ,math2,7,微分,bibun,5,極地問題,kyokuchimondai,3,基礎3
数学 Ⅱ,math2,7,微分,bibun,5,極地問題,kyokuchimondai,4,基礎4
数学 Ⅱ,math2,7,微分,bibun,5,極地問題,kyokuchimondai,5,基礎4 (続)
数学 Ⅱ,math2,7,微分,bibun,5,極地問題,kyokuchimondai,6,基礎4 (続)
数学 Ⅱ,math2,7,微分,bibun,5,極地問題,kyokuchimondai,7,基礎5
数学 Ⅱ,math2,7,微分,bibun,6,定数分離,teisubunri,1,基礎1
数学 Ⅱ,math2,7,微分,bibun,6,定数分離,teisubunri,2,基礎2
数学 Ⅱ,math2,7,微分,bibun,6,定数分離,teisubunri,3,基礎3
数学 Ⅱ,math2,7,微分,bibun,6,定数分離,teisubunri,4,基礎3 (続)
数学 Ⅱ,math2,7,微分,bibun,6,定数分離,teisubunri,5,基礎4
数学 Ⅱ,math2,7,微分,bibun,6,定数分離,teisubunri,6,基礎5
数学 Ⅱ,math2,7,微分,bibun,6,定数分離,teisubunri,7,基礎5 (続)
数学 Ⅱ,math2,7,微分,bibun,6,定数分離,teisubunri,8,基礎6
数学 Ⅱ,math2,7,微分,bibun,6,定数分離,teisubunri,9,基礎6 (続)
数学 Ⅱ,math2,7,微分,bibun,7,不等式の証明,futoshikinoshomei,1,基礎1
数学 Ⅱ,math2,7,微分,bibun,7,不等式の証明,futoshikinoshomei,2,基礎2
数学 Ⅱ,math2,7,微分,bibun,7,不等式の証明,futoshikinoshomei,3,基礎3
数学 Ⅱ,math2,7,微分,bibun,7,不等式の証明,futoshikinoshomei,4,基礎4
数学 Ⅱ,math2,7,微分,bibun,7,不等式の証明,futoshikinoshomei,5,基礎4 (続)
数学 Ⅱ,math2,8,積分,sekibun,1,不定積分,futeisekibun,1,基礎1
数学 Ⅱ,math2,8,積分,sekibun,1,不定積分,futeisekibun,2,基礎2
数学 Ⅱ,math2,8,積分,sekibun,1,不定積分,futeisekibun,3,基礎3
数学 Ⅱ,math2,8,積分,sekibun,1,不定積分,futeisekibun,4,基礎4
数学 Ⅱ,math2,8,積分,sekibun,1,不定積分,futeisekibun,5,基礎5
数学 Ⅱ,math2,8,積分,sekibun,2,定積分,teisekibun,1,基礎1
数学 Ⅱ,math2,8,積分,sekibun,2,定積分,teisekibun,2,基礎2
数学 Ⅱ,math2,8,積分,sekibun,2,定積分,teisekibun,3,基礎3
数学 Ⅱ,math2,8,積分,sekibun,2,定積分,teisekibun,4,基礎4
数学 Ⅱ,math2,8,積分,sekibun,3,面積,menseki,1,基礎1
数学 Ⅱ,math2,8,積分,sekibun,3,面積,menseki,2,基礎2
数学 Ⅱ,math2,8,積分,sekibun,3,面積,menseki,3,基礎3
数学 Ⅱ,math2,8,積分,sekibun,3,面積,menseki,4,基礎4
数学 Ⅱ,math2,8,積分,sekibun,3,面積,menseki,5,基礎4 (続)
数学 Ⅱ,math2,8,積分,sekibun,3,面積,menseki,6,基礎5
数学 Ⅱ,math2,8,積分,sekibun,3,面積,menseki,7,基礎6
数学 Ⅱ,math2,8,積分,sekibun,3,面積,menseki,8,基礎7
数学 Ⅱ,math2,8,積分,sekibun,3,面積,menseki,9,基礎8
数学 Ⅱ,math2,8,積分,sekibun,4,面積激重,mensekigekiju,1,基礎1
数学 Ⅱ,math2,8,積分,sekibun,4,面積激重,mensekigekiju,2,基礎1 (続)
数学 Ⅱ,math2,8,積分,sekibun,4,面積激重,mensekigekiju,3,基礎1 (続)
数学 Ⅱ,math2,8,積分,sekibun,4,面積激重,mensekigekiju,4,基礎2
数学 Ⅱ,math2,8,積分,sekibun,4,面積激重,mensekigekiju,5,基礎3
数学 Ⅱ,math2,8,積分,sekibun,4,面積激重,mensekigekiju,6,基礎4
数学 Ⅱ,math2,8,積分,sekibun,4,面積激重,mensekigekiju,7,基礎5
数学 Ⅱ,math2,8,積分,sekibun,4,面積激重,mensekigekiju,8,基礎5 (続)
数学 Ⅱ,math2,8,積分,sekibun,4,面積激重,mensekigekiju,9,基礎6
数学 Ⅱ,math2,8,積分,sekibun,4,面積激重,mensekigekiju,10,基礎7
数学 Ⅱ,math2,8,積分,sekibun,4,面積激重,mensekigekiju,11,基礎7 (続)
数学 Ⅱ,math2,8,積分,sekibun,4,面積激重,mensekigekiju,12,基礎8
数学 Ⅱ,math2,8,積分,sekibun,5,積分発展,sekibunhatten,1,発展1
数学 Ⅱ,math2,8,積分,sekibun,5,積分発展,sekibunhatten,2,発展2
数学 Ⅱ,math2,8,積分,sekibun,5,積分発展,sekibunhatten,3,発展3
数学 Ⅱ,math2,8,積分,sekibun,5,積分発展,sekibunhatten,4,発展4
数学 Ⅱ,math2,8,積分,sekibun,5,積分発展,sekibunhatten,5,発展5
数学 Ⅱ,math2,8,積分,sekibun,5,積分発展,sekibunhatten,6,発展6
数学 Ⅱ,math2,8,積分,sekibun,5,積分発展,sekibunhatten,7,発展7
数学 Ⅱ,math2,8,積分,sekibun,5,積分発展,sekibunhatten,8,発展8
数学 Ⅱ,math2,8,積分,sekibun,5,積分発展,sekibunhatten,9,発展9
数学 Ⅱ,math2,8,積分,sekibun,5,積分発展,sekibunhatten,10,発展9 (続)
数学 Ⅱ,math2,8,積分,sekibun,5,積分発展,sekibunhatten,11,発展10