数学 A,mathA,1,集合・場合の数,shugo_bainokazu,1,集合,shugo,1,基礎1
数学 A,mathA,1,集合・場合の数,shugo_bainokazu,1,集合,shugo,2,基礎2
数学 A,mathA,1,集合・場合の数,shugo_bainokazu,1,集合,shugo,3,基礎3
数学 A,mathA,1,集合・場合の数,shugo_bainokazu,1,集合,shugo,4,基礎4
数学 A,mathA,1,集合・場合の数,shugo_bainokazu,1,集合,shugo,5,基礎5
数学 A,mathA,1,集合・場合の数,shugo_bainokazu,1,集合,shugo,6,基礎6
数学 A,mathA,1,集合・場合の数,shugo_bainokazu,1,集合,shugo,7,基礎7
数学 A,mathA,1,集合・場合の数,shugo_bainokazu,2,要素の個数,yosonokosu,1,基礎1
数学 A,mathA,1,集合・場合の数,shugo_bainokazu,2,要素の個数,yosonokosu,2,基礎2
数学 A,mathA,1,集合・場合の数,shugo_bainokazu,2,要素の個数,yosonokosu,3,基礎3
数学 A,mathA,1,集合・場合の数,shugo_bainokazu,2,要素の個数,yosonokosu,4,基礎4
数学 A,mathA,1,集合・場合の数,shugo_bainokazu,2,要素の個数,yosonokosu,5,基礎5
数学 A,mathA,1,集合・場合の数,shugo_bainokazu,2,要素の個数,yosonokosu,6,基礎6
数学 A,mathA,1,集合・場合の数,shugo_bainokazu,3,順列,junretsu,1,基礎1
数学 A,mathA,1,集合・場合の数,shugo_bainokazu,3,順列,junretsu,2,基礎2
数学 A,mathA,1,集合・場合の数,shugo_bainokazu,3,順列,junretsu,3,基礎3
数学 A,mathA,1,集合・場合の数,shugo_bainokazu,3,順列,junretsu,4,基礎4
数学 A,mathA,1,集合・場合の数,shugo_bainokazu,3,順列,junretsu,5,基礎5
数学 A,mathA,1,集合・場合の数,shugo_bainokazu,3,順列,junretsu,6,基礎6
数学 A,mathA,1,集合・場合の数,shugo_bainokazu,3,順列,junretsu,7,基礎7
数学 A,mathA,1,集合・場合の数,shugo_bainokazu,3,順列,junretsu,8,基礎8
数学 A,mathA,1,集合・場合の数,shugo_bainokazu,3,順列,junretsu,9,基礎9
数学 A,mathA,1,集合・場合の数,shugo_bainokazu,3,順列,junretsu,10,基礎10
数学 A,mathA,1,集合・場合の数,shugo_bainokazu,3,順列,junretsu,11,基礎11
数学 A,mathA,1,集合・場合の数,shugo_bainokazu,4,円順列,enjunretsu,1,基礎1
数学 A,mathA,1,集合・場合の数,shugo_bainokazu,4,円順列,enjunretsu,2,基礎2
数学 A,mathA,1,集合・場合の数,shugo_bainokazu,4,円順列,enjunretsu,3,基礎3
数学 A,mathA,1,集合・場合の数,shugo_bainokazu,4,円順列,enjunretsu,4,基礎4
数学 A,mathA,1,集合・場合の数,shugo_bainokazu,4,円順列,enjunretsu,5,基礎5
数学 A,mathA,1,集合・場合の数,shugo_bainokazu,4,円順列,enjunretsu,6,基礎6
数学 A,mathA,1,集合・場合の数,shugo_bainokazu,4,円順列,enjunretsu,7,基礎7
数学 A,mathA,1,集合・場合の数,shugo_bainokazu,5,重複順列,juhukujunretsu,1,基礎1
数学 A,mathA,1,集合・場合の数,shugo_bainokazu,5,重複順列,juhukujunretsu,2,基礎2
数学 A,mathA,1,集合・場合の数,shugo_bainokazu,6,組み合わせ,kumiawase,1,基礎1
数学 A,mathA,1,集合・場合の数,shugo_bainokazu,6,組み合わせ,kumiawase,2,基礎2
数学 A,mathA,1,集合・場合の数,shugo_bainokazu,6,組み合わせ,kumiawase,3,基礎3
数学 A,mathA,1,集合・場合の数,shugo_bainokazu,6,組み合わせ,kumiawase,4,基礎4
数学 A,mathA,1,集合・場合の数,shugo_bainokazu,6,組み合わせ,kumiawase,5,基礎5
数学 A,mathA,1,集合・場合の数,shugo_bainokazu,6,組み合わせ,kumiawase,6,基礎6
数学 A,mathA,1,集合・場合の数,shugo_bainokazu,6,組み合わせ,kumiawase,7,基礎7
数学 A,mathA,1,集合・場合の数,shugo_bainokazu,6,組み合わせ,kumiawase,8,基礎8
数学 A,mathA,1,集合・場合の数,shugo_bainokazu,7,同じものを含む順列,onajimonowohukumujunretsu,1,基礎1
数学 A,mathA,1,集合・場合の数,shugo_bainokazu,7,同じものを含む順列,onajimonowohukumujunretsu,2,基礎2
数学 A,mathA,1,集合・場合の数,shugo_bainokazu,7,同じものを含む順列,onajimonowohukumujunretsu,3,基礎3
数学 A,mathA,1,集合・場合の数,shugo_bainokazu,7,同じものを含む順列,onajimonowohukumujunretsu,4,基礎4
数学 A,mathA,1,集合・場合の数,shugo_bainokazu,7,同じものを含む順列,onajimonowohukumujunretsu,5,基礎4 (続)
数学 A,mathA,1,集合・場合の数,shugo_bainokazu,7,同じものを含む順列,onajimonowohukumujunretsu,6,基礎5
数学 A,mathA,1,集合・場合の数,shugo_bainokazu,8,重複組み合わせ,juhukukumiawase,1,基礎1
数学 A,mathA,1,集合・場合の数,shugo_bainokazu,8,重複組み合わせ,juhukukumiawase,2,基礎2
数学 A,mathA,1,集合・場合の数,shugo_bainokazu,8,重複組み合わせ,juhukukumiawase,3,基礎3
数学 A,mathA,1,集合・場合の数,shugo_bainokazu,8,重複組み合わせ,juhukukumiawase,4,基礎4
数学 A,mathA,1,集合・場合の数,shugo_bainokazu,8,重複組み合わせ,juhukukumiawase,5,基礎5
数学 A,mathA,2,確率,kakuritsu,1,確率基礎,kakuritsukiso,1,基礎1
数学 A,mathA,2,確率,kakuritsu,1,確率基礎,kakuritsukiso,2,基礎2
数学 A,mathA,2,確率,kakuritsu,1,確率基礎,kakuritsukiso,3,基礎3
数学 A,mathA,2,確率,kakuritsu,1,確率基礎,kakuritsukiso,4,基礎4
数学 A,mathA,2,確率,kakuritsu,1,確率基礎,kakuritsukiso,5,基礎5
数学 A,mathA,2,確率,kakuritsu,1,確率基礎,kakuritsukiso,6,基礎6
数学 A,mathA,2,確率,kakuritsu,1,確率基礎,kakuritsukiso,7,基礎7
数学 A,mathA,2,確率,kakuritsu,1,確率基礎,kakuritsukiso,8,基礎8
数学 A,mathA,2,確率,kakuritsu,1,確率基礎,kakuritsukiso,9,基礎9
数学 A,mathA,2,確率,kakuritsu,1,確率基礎,kakuritsukiso,10,基礎10
数学 A,mathA,2,確率,kakuritsu,1,確率基礎,kakuritsukiso,11,基礎11
数学 A,mathA,2,確率,kakuritsu,1,確率基礎,kakuritsukiso,12,基礎12
数学 A,mathA,2,確率,kakuritsu,1,確率基礎,kakuritsukiso,13,基礎13
数学 A,mathA,2,確率,kakuritsu,1,確率基礎,kakuritsukiso,14,基礎14
数学 A,mathA,2,確率,kakuritsu,1,確率基礎,kakuritsukiso,15,基礎15
数学 A,mathA,2,確率,kakuritsu,2,独立試行の確率,dokuritsusikonokakuritsu,1,基礎1
数学 A,mathA,2,確率,kakuritsu,2,独立試行の確率,dokuritsusikonokakuritsu,2,基礎2
数学 A,mathA,2,確率,kakuritsu,2,独立試行の確率,dokuritsusikonokakuritsu,3,基礎3
数学 A,mathA,2,確率,kakuritsu,2,独立試行の確率,dokuritsusikonokakuritsu,4,基礎4
数学 A,mathA,2,確率,kakuritsu,3,反復試行の確率,hanpukusikonokakuritsu,1,基礎1
数学 A,mathA,2,確率,kakuritsu,3,反復試行の確率,hanpukusikonokakuritsu,2,基礎2
数学 A,mathA,2,確率,kakuritsu,3,反復試行の確率,hanpukusikonokakuritsu,3,基礎3
数学 A,mathA,2,確率,kakuritsu,3,反復試行の確率,hanpukusikonokakuritsu,4,基礎4
数学 A,mathA,2,確率,kakuritsu,3,反復試行の確率,hanpukusikonokakuritsu,5,基礎5
数学 A,mathA,2,確率,kakuritsu,4,条件付き確率,jokentsukikakuritsu,1,基礎1
数学 A,mathA,2,確率,kakuritsu,4,条件付き確率,jokentsukikakuritsu,2,基礎2
数学 A,mathA,2,確率,kakuritsu,4,条件付き確率,jokentsukikakuritsu,3,基礎3
数学 A,mathA,2,確率,kakuritsu,4,条件付き確率,jokentsukikakuritsu,4,基礎4
数学 A,mathA,2,確率,kakuritsu,4,条件付き確率,jokentsukikakuritsu,5,基礎5
数学 A,mathA,2,確率,kakuritsu,4,条件付き確率,jokentsukikakuritsu,6,基礎6
数学 A,mathA,2,確率,kakuritsu,4,条件付き確率,jokentsukikakuritsu,7,基礎7
数学 A,mathA,2,確率,kakuritsu,4,条件付き確率,jokentsukikakuritsu,8,基礎8
数学 A,mathA,2,確率,kakuritsu,4,条件付き確率,jokentsukikakuritsu,9,基礎9
数学 A,mathA,2,確率,kakuritsu,4,条件付き確率,jokentsukikakuritsu,10,基礎10
数学 A,mathA,2,確率,kakuritsu,4,条件付き確率,jokentsukikakuritsu,11,基礎11
数学 A,mathA,2,確率,kakuritsu,4,条件付き確率,jokentsukikakuritsu,12,基礎12
数学 A,mathA,3,整数の性質,seisunoseishitsu,1,約数倍数,yakusubaisu,1,基礎1
数学 A,mathA,3,整数の性質,seisunoseishitsu,1,約数倍数,yakusubaisu,2,基礎2
数学 A,mathA,3,整数の性質,seisunoseishitsu,1,約数倍数,yakusubaisu,3,基礎3
数学 A,mathA,3,整数の性質,seisunoseishitsu,1,約数倍数,yakusubaisu,4,基礎4
数学 A,mathA,3,整数の性質,seisunoseishitsu,1,約数倍数,yakusubaisu,5,基礎5
数学 A,mathA,3,整数の性質,seisunoseishitsu,1,約数倍数,yakusubaisu,6,基礎6
数学 A,mathA,3,整数の性質,seisunoseishitsu,1,約数倍数,yakusubaisu,7,基礎7
数学 A,mathA,3,整数の性質,seisunoseishitsu,1,約数倍数,yakusubaisu,8,基礎8
数学 A,mathA,3,整数の性質,seisunoseishitsu,1,約数倍数,yakusubaisu,9,基礎9
数学 A,mathA,3,整数の性質,seisunoseishitsu,2,割り算,warizan,1,基礎1
数学 A,mathA,3,整数の性質,seisunoseishitsu,2,割り算,warizan,2,基礎2
数学 A,mathA,3,整数の性質,seisunoseishitsu,2,割り算,warizan,3,基礎3
数学 A,mathA,3,整数の性質,seisunoseishitsu,2,割り算,warizan,4,基礎4
数学 A,mathA,3,整数の性質,seisunoseishitsu,2,割り算,warizan,5,基礎5
数学 A,mathA,3,整数の性質,seisunoseishitsu,2,割り算,warizan,6,基礎6
数学 A,mathA,3,整数の性質,seisunoseishitsu,2,割り算,warizan,7,基礎7
数学 A,mathA,3,整数の性質,seisunoseishitsu,2,割り算,warizan,8,基礎8
数学 A,mathA,3,整数の性質,seisunoseishitsu,3,合同式,godoshiki,1,基礎1
数学 A,mathA,3,整数の性質,seisunoseishitsu,3,合同式,godoshiki,2,基礎2
数学 A,mathA,3,整数の性質,seisunoseishitsu,3,合同式,godoshiki,3,基礎3
数学 A,mathA,3,整数の性質,seisunoseishitsu,3,合同式,godoshiki,4,基礎4
数学 A,mathA,3,整数の性質,seisunoseishitsu,3,合同式,godoshiki,5,基礎5
数学 A,mathA,3,整数の性質,seisunoseishitsu,3,合同式,godoshiki,6,基礎6
数学 A,mathA,3,整数の性質,seisunoseishitsu,4,互除法,gojoho,1,基礎1
数学 A,mathA,3,整数の性質,seisunoseishitsu,4,互除法,gojoho,2,基礎2
数学 A,mathA,3,整数の性質,seisunoseishitsu,4,互除法,gojoho,3,基礎3
数学 A,mathA,3,整数の性質,seisunoseishitsu,4,互除法,gojoho,4,基礎4
数学 A,mathA,3,整数の性質,seisunoseishitsu,4,互除法,gojoho,5,基礎5
数学 A,mathA,3,整数の性質,seisunoseishitsu,4,互除法,gojoho,6,基礎6
数学 A,mathA,3,整数の性質,seisunoseishitsu,4,互除法,gojoho,7,基礎7
数学 A,mathA,3,整数の性質,seisunoseishitsu,4,互除法,gojoho,8,基礎8
数学 A,mathA,3,整数の性質,seisunoseishitsu,5,方程式の整数解,hoteishikinoseisu,1,基礎1
数学 A,mathA,3,整数の性質,seisunoseishitsu,5,方程式の整数解,hoteishikinoseisu,2,基礎1 (続)
数学 A,mathA,3,整数の性質,seisunoseishitsu,5,方程式の整数解,hoteishikinoseisu,3,基礎2
数学 A,mathA,3,整数の性質,seisunoseishitsu,5,方程式の整数解,hoteishikinoseisu,4,基礎2 (続)
数学 A,mathA,3,整数の性質,seisunoseishitsu,5,方程式の整数解,hoteishikinoseisu,5,基礎3
数学 A,mathA,3,整数の性質,seisunoseishitsu,5,方程式の整数解,hoteishikinoseisu,6,基礎3 (続)
数学 A,mathA,3,整数の性質,seisunoseishitsu,5,方程式の整数解,hoteishikinoseisu,7,基礎3 (続)
数学 A,mathA,3,整数の性質,seisunoseishitsu,5,方程式の整数解,hoteishikinoseisu,8,基礎4
数学 A,mathA,3,整数の性質,seisunoseishitsu,5,方程式の整数解,hoteishikinoseisu,9,基礎5
数学 A,mathA,3,整数の性質,seisunoseishitsu,5,方程式の整数解,hoteishikinoseisu,10,基礎6
数学 A,mathA,3,整数の性質,seisunoseishitsu,5,方程式の整数解,hoteishikinoseisu,11,基礎6 (続)
数学 A,mathA,3,整数の性質,seisunoseishitsu,5,方程式の整数解,hoteishikinoseisu,12,基礎6 (続)
数学 A,mathA,3,整数の性質,seisunoseishitsu,6,n進法,nshinho,1,基礎1
数学 A,mathA,3,整数の性質,seisunoseishitsu,6,n進法,nshinho,2,基礎2
数学 A,mathA,3,整数の性質,seisunoseishitsu,6,n進法,nshinho,3,基礎3
数学 A,mathA,3,整数の性質,seisunoseishitsu,6,n進法,nshinho,4,基礎4
数学 A,mathA,3,整数の性質,seisunoseishitsu,6,n進法,nshinho,5,基礎5
数学 A,mathA,3,整数の性質,seisunoseishitsu,6,n進法,nshinho,6,基礎6
数学 A,mathA,3,整数の性質,seisunoseishitsu,6,n進法,nshinho,7,基礎7
数学 A,mathA,3,整数の性質,seisunoseishitsu,6,n進法,nshinho,8,基礎8
数学 A,mathA,3,整数の性質,seisunoseishitsu,6,n進法,nshinho,9,基礎9
数学 A,mathA,3,整数の性質,seisunoseishitsu,6,n進法,nshinho,10,基礎10