数学Ⅰ,math1,数と式,sutoshiki,因数分解,insubunkai,勉強のやり方
数学Ⅰ,math1,数と式,sutoshiki,因数分解,insubunkai,因数分解 基本1
数学Ⅰ,math1,数と式,sutoshiki,因数分解,insubunkai,因数分解 基本2
数学Ⅰ,math1,数と式,sutoshiki,因数分解,insubunkai,因数分解 基本2 -演習-
数学Ⅰ,math1,数と式,sutoshiki,因数分解,insubunkai,因数分解 基本3
数学Ⅰ,math1,数と式,sutoshiki,因数分解,insubunkai,因数分解 基本3 -演習-
数学Ⅰ,math1,数と式,sutoshiki,因数分解,insubunkai,因数分解 標準1
数学Ⅰ,math1,数と式,sutoshiki,因数分解,insubunkai,因数分解 標準1 -演習-
数学Ⅰ,math1,数と式,sutoshiki,因数分解,insubunkai,因数分解 標準2
数学Ⅰ,math1,数と式,sutoshiki,因数分解,insubunkai,因数分解 標準2 -演習-
数学Ⅰ,math1,数と式,sutoshiki,因数分解,insubunkai,因数分解 標準3
数学Ⅰ,math1,数と式,sutoshiki,因数分解,insubunkai,因数分解 標準3 -演習-
数学Ⅰ,math1,数と式,sutoshiki,因数分解,insubunkai,因数分解 標準4
数学Ⅰ,math1,数と式,sutoshiki,因数分解,insubunkai,因数分解 標準5 -総合演習1-
数学Ⅰ,math1,数と式,sutoshiki,因数分解,insubunkai,因数分解 標準5 -総合演習2-
数学Ⅰ,math1,数と式,sutoshiki,因数分解,insubunkai,因数分解 発展
数学Ⅰ,math1,数と式,sutoshiki,実数,jissu,実数 基本1
数学Ⅰ,math1,数と式,sutoshiki,実数,jissu,実数 基本2
数学Ⅰ,math1,数と式,sutoshiki,実数,jissu,実数 基本3
数学Ⅰ,math1,数と式,sutoshiki,実数,jissu,実数 基本4
数学Ⅰ,math1,数と式,sutoshiki,実数,jissu,実数 基本5
数学Ⅰ,math1,数と式,sutoshiki,実数,jissu,実数 標準1
数学Ⅰ,math1,数と式,sutoshiki,実数,jissu,実数 標準2
数学Ⅰ,math1,数と式,sutoshiki,実数,jissu,実数 標準3
数学Ⅰ,math1,数と式,sutoshiki,実数,jissu,実数 標準4
数学Ⅰ,math1,数と式,sutoshiki,実数,jissu,実数 標準5
数学Ⅰ,math1,数と式,sutoshiki,実数,jissu,実数 標準6
数学Ⅰ,math1,数と式,sutoshiki,実数,jissu,実数 標準7
数学Ⅰ,math1,数と式,sutoshiki,実数,jissu,実数 標準8
数学Ⅰ,math1,数と式,sutoshiki,実数,jissu,実数 標準9
数学Ⅰ,math1,数と式,sutoshiki,実数,jissu,実数 標準10
数学Ⅰ,math1,数と式,sutoshiki,実数,jissu,実数 標準11
数学Ⅰ,math1,数と式,sutoshiki,実数,jissu,実数 標準12
数学Ⅰ,math1,数と式,sutoshiki,不等式・方程式,futoshiki-hoteishiki,不等式 基礎1
数学Ⅰ,math1,数と式,sutoshiki,不等式・方程式,futoshiki-hoteishiki,不等式 基礎2
数学Ⅰ,math1,数と式,sutoshiki,不等式・方程式,futoshiki-hoteishiki,連立不等式 基礎
数学Ⅰ,math1,数と式,sutoshiki,不等式・方程式,futoshiki-hoteishiki,連立不等式 基礎 -演習-
数学Ⅰ,math1,数と式,sutoshiki,不等式・方程式,futoshiki-hoteishiki,連立不等式 標準 -演習1-
数学Ⅰ,math1,数と式,sutoshiki,不等式・方程式,futoshiki-hoteishiki,連立不等式 標準 -演習2-
数学Ⅰ,math1,数と式,sutoshiki,不等式・方程式,futoshiki-hoteishiki,連立不等式 標準 -演習3-
数学Ⅰ,math1,数と式,sutoshiki,不等式・方程式,futoshiki-hoteishiki,不等式方程式 場合分け1
数学Ⅰ,math1,数と式,sutoshiki,不等式・方程式,futoshiki-hoteishiki,不等式方程式 場合分け2
数学Ⅰ,math1,数と式,sutoshiki,不等式・方程式,futoshiki-hoteishiki,不等式方程式 場合分け3
数学Ⅰ,math1,数と式,sutoshiki,不等式・方程式,futoshiki-hoteishiki,不等式方程式 場合分け4
数学Ⅰ,math1,数と式,sutoshiki,不等式・方程式,futoshiki-hoteishiki,絶対値方程式不等式 基礎1
数学Ⅰ,math1,数と式,sutoshiki,不等式・方程式,futoshiki-hoteishiki,絶対値方程式不等式 基礎2
数学Ⅰ,math1,数と式,sutoshiki,不等式・方程式,futoshiki-hoteishiki,絶対値方程式不等式 -演習-
数学Ⅰ,math1,数と式,sutoshiki,不等式・方程式,futoshiki-hoteishiki,絶対値方程式不等式 標準1
数学Ⅰ,math1,数と式,sutoshiki,不等式・方程式,futoshiki-hoteishiki,絶対値方程式不等式 標準2
数学Ⅰ,math1,数と式,sutoshiki,不等式・方程式,futoshiki-hoteishiki,絶対値方程式不等式 標準3
数学Ⅰ,math1,数と式,sutoshiki,不等式・方程式,futoshiki-hoteishiki,絶対値方程式不等式 標準4
数学Ⅰ,math1,数と式,sutoshiki,不等式・方程式,futoshiki-hoteishiki,絶対値方程式不等式 -演習1-
数学Ⅰ,math1,数と式,sutoshiki,不等式・方程式,futoshiki-hoteishiki,絶対値方程式不等式 -演習2-
数学Ⅰ,math1,数と式,sutoshiki,不等式・方程式,futoshiki-hoteishiki,絶対値方程式不等式 -演習3-
数学Ⅰ,math1,数と式,sutoshiki,不等式・方程式,futoshiki-hoteishiki,絶対値方程式不等式 -演習4-
数学Ⅰ,math1,数と式,sutoshiki,不等式・方程式,futoshiki-hoteishiki,絶対値方程式不等式 -演習5-
数学Ⅰ,math1,数と式,sutoshiki,二次方程式,nijihoteishiki,二次方程式 基礎1
数学Ⅰ,math1,数と式,sutoshiki,二次方程式,nijihoteishiki,二次方程式 基礎2
数学Ⅰ,math1,数と式,sutoshiki,二次方程式,nijihoteishiki,二次方程式 基礎3
数学Ⅰ,math1,数と式,sutoshiki,二次方程式,nijihoteishiki,二次方程式 基礎4
数学Ⅰ,math1,数と式,sutoshiki,二次方程式,nijihoteishiki,二次方程式 標準1
数学Ⅰ,math1,数と式,sutoshiki,二次方程式,nijihoteishiki,二次方程式 標準2
数学Ⅰ,math1,数と式,sutoshiki,二次方程式,nijihoteishiki,二次方程式 標準3
数学Ⅰ,math1,数と式,sutoshiki,二次方程式,nijihoteishiki,二次方程式 標準4
数学Ⅰ,math1,数と式,sutoshiki,二次方程式,nijihoteishiki,二次方程式 発展1
数学Ⅰ,math1,数と式,sutoshiki,二次方程式,nijihoteishiki,二次方程式 発展2
数学Ⅰ,math1,数と式,sutoshiki,二次方程式,nijihoteishiki,二次方程式 発展3
数学Ⅰ,math1,数と式,sutoshiki,二次方程式,nijihoteishiki,二次方程式 発展4
数学Ⅰ,math1,二次関数,nijikansu,グラフ,gurafu,二次関数 基礎1
数学Ⅰ,math1,二次関数,nijikansu,グラフ,gurafu,二次関数 基礎2
数学Ⅰ,math1,二次関数,nijikansu,グラフ,gurafu,二次関数 平行移動1
数学Ⅰ,math1,二次関数,nijikansu,グラフ,gurafu,二次関数 平行移動2
数学Ⅰ,math1,二次関数,nijikansu,グラフ,gurafu,二次関数 グラフ1
数学Ⅰ,math1,二次関数,nijikansu,グラフ,gurafu,二次関数 グラフ2
数学Ⅰ,math1,二次関数,nijikansu,グラフ,gurafu,二次関数 グラフ3
数学Ⅰ,math1,二次関数,nijikansu,グラフ,gurafu,二次関数 基本演習1
数学Ⅰ,math1,二次関数,nijikansu,グラフ,gurafu,二次関数 基本演習2
数学Ⅰ,math1,二次関数,nijikansu,グラフ,gurafu,二次関数 基本演習3
数学Ⅰ,math1,二次関数,nijikansu,グラフ,gurafu,二次関数 対称移動
数学Ⅰ,math1,二次関数,nijikansu,グラフ,gurafu,二次関数 対称移動 -演習-
数学Ⅰ,math1,二次関数,nijikansu,グラフ,gurafu,二次関数 軸の方程式
数学Ⅰ,math1,二次関数,nijikansu,グラフ,gurafu,二次関数 標準演習
数学Ⅰ,math1,二次関数,nijikansu,最大最小,saidai-saisho,最大最小 基礎1
数学Ⅰ,math1,二次関数,nijikansu,最大最小,saidai-saisho,最大最小 基礎2
数学Ⅰ,math1,二次関数,nijikansu,最大最小,saidai-saisho,最大最小 標準
数学Ⅰ,math1,二次関数,nijikansu,最大最小,saidai-saisho,最大最小 場合分け1
数学Ⅰ,math1,二次関数,nijikansu,最大最小,saidai-saisho,最大最小 場合分け2
数学Ⅰ,math1,二次関数,nijikansu,最大最小,saidai-saisho,最大最小 場合分け3
数学Ⅰ,math1,二次関数,nijikansu,最大最小,saidai-saisho,最大最小 場合分け3 (続)
数学Ⅰ,math1,二次関数,nijikansu,最大最小,saidai-saisho,最大最小 演習1
数学Ⅰ,math1,二次関数,nijikansu,最大最小,saidai-saisho,最大最小 演習1 (続)
数学Ⅰ,math1,二次関数,nijikansu,最大最小,saidai-saisho,最大最小 演習2
数学Ⅰ,math1,二次関数,nijikansu,最大最小,saidai-saisho,最大最小 応用1
数学Ⅰ,math1,二次関数,nijikansu,最大最小,saidai-saisho,最大最小 応用2
数学Ⅰ,math1,二次関数,nijikansu,最大最小,saidai-saisho,最大最小 応用3
数学Ⅰ,math1,二次関数,nijikansu,最大最小,saidai-saisho,最大最小 応用4
数学Ⅰ,math1,二次関数,nijikansu,最大最小,saidai-saisho,最大最小 応用5
数学Ⅰ,math1,二次関数,nijikansu,最大最小,saidai-saisho,最大最小 応用6
数学Ⅰ,math1,二次関数,nijikansu,最大最小,saidai-saisho,最大最小 応用7
数学Ⅰ,math1,二次関数,nijikansu,最大最小,saidai-saisho,最大最小 応用8
数学Ⅰ,math1,二次関数,nijikansu,グラフと二次方程式,gurafu-nijihoteishiki,グラフと二次方程式 基礎1
数学Ⅰ,math1,二次関数,nijikansu,グラフと二次方程式,gurafu-nijihoteishiki,グラフと二次方程式 基礎2
数学Ⅰ,math1,二次関数,nijikansu,グラフと二次方程式,gurafu-nijihoteishiki,グラフと二次方程式 基礎3
数学Ⅰ,math1,二次関数,nijikansu,グラフと二次方程式,gurafu-nijihoteishiki,グラフと二次方程式 基礎4
数学Ⅰ,math1,二次関数,nijikansu,二次不等式,nijifutoshiki,二次不等式 基礎1
数学Ⅰ,math1,二次関数,nijikansu,二次不等式,nijifutoshiki,二次不等式 基礎2
数学Ⅰ,math1,二次関数,nijikansu,二次不等式,nijifutoshiki,二次不等式 基礎3
数学Ⅰ,math1,二次関数,nijikansu,二次不等式,nijifutoshiki,二次不等式 基礎4
数学Ⅰ,math1,二次関数,nijikansu,二次不等式,nijifutoshiki,二次不等式 基礎5
数学Ⅰ,math1,二次関数,nijikansu,二次不等式,nijifutoshiki,二次不等式 標準1
数学Ⅰ,math1,二次関数,nijikansu,二次不等式,nijifutoshiki,二次不等式 標準2
数学Ⅰ,math1,二次関数,nijikansu,二次不等式,nijifutoshiki,二次不等式 標準3
数学Ⅰ,math1,二次関数,nijikansu,二次不等式,nijifutoshiki,二次不等式 標準4
数学Ⅰ,math1,二次関数,nijikansu,二次不等式,nijifutoshiki,二次不等式 標準5
数学Ⅰ,math1,二次関数,nijikansu,絶対値のグラフ,zettaichi-gurafu,絶対値のグラフ 基礎1
数学Ⅰ,math1,二次関数,nijikansu,絶対値のグラフ,zettaichi-gurafu,絶対値のグラフ 基礎2
数学Ⅰ,math1,二次関数,nijikansu,絶対値のグラフ,zettaichi-gurafu,絶対値のグラフ 発展1
数学Ⅰ,math1,二次関数,nijikansu,絶対値のグラフ,zettaichi-gurafu,絶対値のグラフ 発展1 (続)
数学Ⅰ,math1,二次関数,nijikansu,絶対値のグラフ,zettaichi-gurafu,絶対値のグラフ 発展2
数学Ⅰ,math1,二次関数,nijikansu,絶対値のグラフ,zettaichi-gurafu,絶対値のグラフ 標準
数学Ⅰ,math1,二次関数,nijikansu,発展演習,hatten-enshu,演習1
数学Ⅰ,math1,二次関数,nijikansu,発展演習,hatten-enshu,演習2
数学Ⅰ,math1,二次関数,nijikansu,発展演習,hatten-enshu,演習3
数学Ⅰ,math1,二次関数,nijikansu,発展演習,hatten-enshu,演習4
数学Ⅰ,math1,二次関数,nijikansu,発展演習,hatten-enshu,演習5
数学Ⅰ,math1,二次関数,nijikansu,発展演習,hatten-enshu,演習6
数学Ⅰ,math1,二次関数,nijikansu,発展演習,hatten-enshu,演習7
数学Ⅰ,math1,二次関数,nijikansu,発展演習,hatten-enshu,演習8
数学Ⅰ,math1,二次関数,nijikansu,発展演習,hatten-enshu,演習9
数学Ⅰ,math1,二次関数,nijikansu,発展演習,hatten-enshu,演習10
数学Ⅰ,math1,二次関数,nijikansu,発展演習,hatten-enshu,演習11